{
    "tags": [
      {
        "ID": 1,
        "pose": {
          "translation": {
            "x": 16.687292,
            "y": 0.628142,
            "z": 1.4859
          },
          "rotation": {
            "quaternion": {
              "W": 0.4539904997395468,
              "X": 0.0,
              "Y": 0.0,
              "Z": 0.8910065241883678
            }
          }
        }
      },
      {
        "ID": 7,
        "pose": {
          "translation": {
            "x": 14.4518,
            "y": 2.495042,
            "z": 0.3048
          },
          "rotation": {
            "quaternion": {
              "W": -0.7071067811865475,
              "X": -0.0,
              "Y": 0.0,
              "Z": 0.7071067811865476
            }
          }
        }
      },
      {
        "ID": 5,
        "pose": {
          "translation": {
            "x": 2.159,
            "y": 5.6642,
            "z": 1.4986
          },
          "rotation": {
            "quaternion": {
              "W": 0.9659258262890683,
              "X": 0.0,
              "Y": 0.25881904510252074,
              "Z": 0.0
            }
          }
        }
      }
    ],
    "field": {
      "length": 6.35,
      "width": 2.54
    }
  }
  